id,date,amount,category,description
0,2026-01-1,40400,utilities,system module result output
1,2026-01-2,40100,rent,start start report user
2,2026-01-3,16300,transport,start system load data
3,2026-01-4,10400,food,class read module user
4,2026-01-5,8600,services,type the report read
5,2026-01-6,33000,transport,result check save system
6,2026-01-7,42300,food,output stop success status
7,2026-01-8,17900,rent,stop list error value
8,2026-01-9,37300,utilities,report file input success
9,2026-01-10,41300,utilities,result report type write
10,2026-01-11,41900,transport,value write success result
11,2026-01-12,7400,rent,list write list list
12,2026-01-13,27200,food,the file config stop
13,2026-01-14,23100,rent,network mode start type
14,2026-01-15,22900,transport,path output input read
15,2026-01-16,2400,services,config the result check
16,2026-01-17,47100,transport,user input save load
17,2026-01-18,16400,services,list value success read
18,2026-01-19,40600,food,run write start load
19,2026-01-20,3200,transport,result file process function
20,2026-01-21,42000,food,file error stop module
21,2026-01-22,38800,food,success type read list
22,2026-01-23,44000,utilities,function type function config
23,2026-01-24,2000,utilities,success error report input
24,2026-01-25,45200,food,function output network read
25,2026-01-26,36800,food,user value name name
26,2026-01-27,11400,utilities,run input error check
27,2026-01-28,10600,transport,run the write path
28,2026-01-1,17900,transport,report error name data
29,2026-01-2,25600,rent,run file save check
30,2026-01-3,3000,utilities,report report save load
31,2026-01-4,24700,services,path list start user
32,2026-01-5,36500,services,report data check path
33,2026-01-6,42700,rent,check function class user
34,2026-01-7,49800,food,run output config process
35,2026-01-8,36500,food,output path type output
36,2026-01-9,24400,food,read user input path
37,2026-01-10,8900,food,result path mode start
38,2026-01-11,44800,food,save type read output
39,2026-01-12,27700,services,data start user value
40,2026-01-13,26800,food,config load report function
41,2026-01-14,5500,food,status write list result
42,2026-01-15,49100,services,write module config network
43,2026-01-16,16400,services,success start class input
44,2026-01-17,8100,transport,report type file save
45,2026-01-18,2100,utilities,result read input function
46,2026-01-19,3500,utilities,check report function status
47,2026-01-20,4400,food,type name save input
48,2026-01-21,17500,utilities,system name config path
49,2026-01-22,16600,food,path process run stop
50,2026-01-23,7500,transport,type stop check process
51,2026-01-24,8100,rent,stop success read success
52,2026-01-25,8400,utilities,start system success stop
53,2026-01-26,49700,transport,process file function input
54,2026-01-27,13300,services,system check file input
55,2026-01-28,5400,services,name name value network
56,2026-01-1,39200,transport,data process list status
57,2026-01-2,18600,food,user config list class
58,2026-01-3,21000,food,load stop process user
59,2026-01-4,5800,transport,module function status input
60,2026-01-5,7500,utilities,function start function status
61,2026-01-6,11700,rent,start save module save
62,2026-01-7,34100,utilities,output load class data
63,2026-01-8,24600,rent,mode stop user success
64,2026-01-9,16800,food,start check result process
65,2026-01-10,22800,services,report class success output
66,2026-01-11,17100,utilities,write list config read
67,2026-01-12,7800,services,stop data the success
68,2026-01-13,5100,utilities,data system list system
69,2026-01-14,14600,transport,run run write report
70,2026-01-15,200,services,data save the result
71,2026-01-16,31700,transport,run stop list function
72,2026-01-17,41300,transport,config module status module
73,2026-01-18,42800,food,system class config system
74,2026-01-19,15700,rent,load status check path
75,2026-01-20,36500,utilities,user user type class
76,2026-01-21,11800,rent,read path function start
77,2026-01-22,2600,transport,config class success name
78,2026-01-23,47600,rent,config file path status
79,2026-01-24,1200,rent,run list system mode
80,2026-01-25,16500,transport,status error config function
81,2026-01-26,11800,services,process start path start
82,2026-01-27,32100,rent,process path module result
83,2026-01-28,20200,rent,check file output mode
84,2026-01-1,8100,utilities,input report check success
85,2026-01-2,28900,utilities,class save list network
86,2026-01-3,33600,food,user path module file
87,2026-01-4,47300,food,load read result check
88,2026-01-5,9800,transport,config status report stop
89,2026-01-6,9500,services,user read module start
90,2026-01-7,2700,transport,check config start error
91,2026-01-8,40900,rent,result output user file
92,2026-01-9,10900,services,load the type process
93,2026-01-10,31100,transport,module output read type
94,2026-01-11,28800,rent,user system value save
95,2026-01-12,41500,transport,result error module run
96,2026-01-13,6000,food,user name read the
97,2026-01-14,4300,rent,system type status process
98,2026-01-15,39100,services,write output class load
99,2026-01-16,19800,utilities,system stop result start
100,2026-01-17,7700,rent,value name read stop
101,2026-01-18,35900,services,report name path report
102,2026-01-19,15600,rent,function read list result
103,2026-01-20,49000,utilities,system list report process
104,2026-01-21,22100,utilities,file module file network
105,2026-01-22,41100,rent,function function class report
106,2026-01-23,19700,food,module name load run
107,2026-01-24,49800,food,path system check input
108,2026-01-25,14500,food,mode success value status
109,2026-01-26,28000,transport,module network report module
110,2026-01-27,8100,services,file module run error
111,2026-01-28,20200,rent,system output user the
112,2026-01-1,47300,services,path result user system
113,2026-01-2,4300,transport,write process result type
114,2026-01-3,31900,services,error stop output check
115,2026-01-4,47000,utilities,process config write error
116,2026-01-5,13000,food,save start config result
117,2026-01-6,26000,utilities,success load result report
118,2026-01-7,29000,food,module file status value
119,2026-01-8,300,transport,run success start read
120,2026-01-9,39300,rent,list data user module
121,2026-01-10,6700,transport,stop value report output
122,2026-01-11,13200,utilities,load save module result
123,2026-01-12,600,food,path mode success value
124,2026-01-13,8600,services,run result run name
125,2026-01-14,9300,rent,stop network load save
126,2026-01-15,34000,transport,input stop path start
127,2026-01-16,47500,rent,data check start path
128,2026-01-17,32200,transport,list the success list
129,2026-01-18,20000,services,path mode run value
130,2026-01-19,35400,rent,function stop report mode
131,2026-01-20,1000,transport,error status start value
132,2026-01-21,45900,transport,class list write report
133,2026-01-22,45200,utilities,function process list module
134,2026-01-23,6300,utilities,file user type save
135,2026-01-24,46700,utilities,success save result run
136,2026-01-25,22300,services,read user network run
137,2026-01-26,34100,services,list module check process
138,2026-01-27,18600,food,module error user stop
139,2026-01-28,10900,rent,process error config file
140,2026-01-1,38300,services,function network load user
141,2026-01-2,38100,services,list function save function
142,2026-01-3,11000,rent,name data file status
143,2026-01-4,30600,rent,run path data input
144,2026-01-5,41300,transport,type write user network
145,2026-01-6,44700,rent,user mode name the
146,2026-01-7,43300,food,the status start load
147,2026-01-8,28000,transport,function error module process
148,2026-01-9,6600,services,success start process file
149,2026-01-10,41700,transport,output input run value
150,2026-01-11,21800,food,module write output function
151,2026-01-12,900,services,user module value config
152,2026-01-13,27400,rent,function write error system
153,2026-01-14,38900,transport,output module input class
154,2026-01-15,44900,transport,run stop load result
155,2026-01-16,23300,services,system path save write
156,2026-01-17,37300,food,name class error status
157,2026-01-18,35100,food,data report function start
158,2026-01-19,29900,rent,system read type run
159,2026-01-20,1600,utilities,network save stop function
160,2026-01-21,39300,rent,data function type config
161,2026-01-22,33200,rent,module output user function
162,2026-01-23,49100,food,status check stop the
163,2026-01-24,34700,transport,data list result save
164,2026-01-25,12100,transport,data mode network read
165,2026-01-26,37100,food,status check path list
166,2026-01-27,13200,transport,write list config config
167,2026-01-28,47400,rent,user class name config
168,2026-01-1,47800,food,list function data success
169,2026-01-2,13900,services,mode config the load
170,2026-01-3,3400,services,output start run error
171,2026-01-4,49600,services,write config mode write
172,2026-01-5,45400,utilities,system network output process
173,2026-01-6,19000,food,name load list start
174,2026-01-7,10400,transport,run class data read
175,2026-01-8,31200,utilities,write type output type
176,2026-01-9,34700,food,write stop module input
177,2026-01-10,29800,utilities,system network input network
178,2026-01-11,33000,utilities,type start process the
179,2026-01-12,31400,rent,mode status network network
180,2026-01-13,3400,rent,data name type network
181,2026-01-14,5400,services,input load load list
182,2026-01-15,34600,services,check the error name
183,2026-01-16,10400,utilities,input status load function
184,2026-01-17,32200,utilities,status error stop config
185,2026-01-18,23200,rent,path report module error
186,2026-01-19,24300,utilities,write module data input
187,2026-01-20,4700,food,save write system read
188,2026-01-21,3700,rent,module config input path
189,2026-01-22,43800,transport,success process mode save
190,2026-01-23,11700,rent,report network file stop
191,2026-01-24,6000,transport,class config class process
192,2026-01-25,44800,food,name process read module
193,2026-01-26,46700,transport,process report status save
194,2026-01-27,20200,utilities,system output save process
195,2026-01-28,47100,utilities,mode data value network
196,2026-01-1,31100,food,load input read the
197,2026-01-2,15100,services,save error value result
198,2026-01-3,23200,services,value class start process
199,2026-01-4,41400,food,report output system process
200,2026-01-5,35800,rent,name function start data
201,2026-01-6,15100,food,list data save value
202,2026-01-7,46300,rent,type input network list
203,2026-01-8,19100,services,type write system data
204,2026-01-9,47900,food,type the list input
205,2026-01-10,32000,utilities,function write list system
206,2026-01-11,49100,utilities,path user stop start
207,2026-01-12,9900,utilities,network run function path
208,2026-01-13,17500,food,name start user process
209,2026-01-14,38100,transport,load the error write
210,2026-01-15,39500,utilities,load save mode input
211,2026-01-16,39800,transport,list check network user
212,2026-01-17,15700,food,system mode start result
213,2026-01-18,15200,utilities,value type status user
214,2026-01-19,44900,food,name process error path
215,2026-01-20,3300,services,module file output status
216,2026-01-21,5100,services,error mode load output
217,2026-01-22,7400,rent,result write type status
218,2026-01-23,46900,utilities,system path load report
219,2026-01-24,18200,food,status file file stop
220,2026-01-25,38700,utilities,status the system output
221,2026-01-26,4300,services,name file run value
222,2026-01-27,40000,utilities,stop process process error
223,2026-01-28,28500,rent,network mode run config
224,2026-01-1,38600,utilities,system function class success
225,2026-01-2,30300,food,write input file value
226,2026-01-3,5200,services,start error process network
227,2026-01-4,15300,rent,system error save success
228,2026-01-5,17700,utilities,list class process module
229,2026-01-6,45500,food,process stop save status
230,2026-01-7,30400,food,process status start function
231,2026-01-8,18800,food,success read type read
232,2026-01-9,10100,food,start check check value
233,2026-01-10,48500,services,module function load path
234,2026-01-11,49100,food,the result value mode
235,2026-01-12,25100,transport,class mode read type
236,2026-01-13,16400,rent,save input type report
237,2026-01-14,27900,services,status output write module
238,2026-01-15,26200,rent,result load run report
239,2026-01-16,9300,transport,load path save module
240,2026-01-17,44000,services,data read system write
241,2026-01-18,42400,utilities,save read type start
242,2026-01-19,27700,utilities,data read run type
243,2026-01-20,42100,transport,error check user status
244,2026-01-21,47400,food,report mode check start
245,2026-01-22,22100,rent,output system module path
246,2026-01-23,17400,utilities,system result check list
247,2026-01-24,25800,transport,config output class result
248,2026-01-25,3600,rent,the mode class network
249,2026-01-26,22700,services,process mode user error
250,2026-01-27,25300,food,success mode check result
251,2026-01-28,36800,rent,list write process type
252,2026-01-1,45400,utilities,module input read data
253,2026-01-2,45600,rent,input write output module
254,2026-01-3,24200,services,list type type the
255,2026-01-4,9400,food,load user output save
256,2026-01-5,18200,food,input start system save
257,2026-01-6,41700,services,result result input start
258,2026-01-7,19000,transport,read the mode path
259,2026-01-8,19700,utilities,run check system network
260,2026-01-9,18400,services,function check function status
261,2026-01-10,25200,food,the class user data
262,2026-01-11,45600,transport,user class write status
263,2026-01-12,23400,transport,output list stop check
264,2026-01-13,13300,food,success data mode output
265,2026-01-14,34300,utilities,file value mode load
266,2026-01-15,24600,services,config output type input
267,2026-01-16,42500,rent,output system class write
268,2026-01-17,12000,utilities,type input path read
269,2026-01-18,17000,services,config class load config
270,2026-01-19,41800,food,user process check type
271,2026-01-20,22700,food,system name config save
272,2026-01-21,47700,services,value value status path
273,2026-01-22,31000,rent,result module start mode
274,2026-01-23,10500,rent,list input file function
275,2026-01-24,7300,transport,class status status output
276,2026-01-25,24100,services,config result list result
277,2026-01-26,9900,food,success read network run
278,2026-01-27,26200,utilities,status name config read
279,2026-01-28,10400,utilities,network output value name
280,2026-01-1,49600,food,result check config function
281,2026-01-2,29300,food,report user process result
282,2026-01-3,6900,services,report success type report
283,2026-01-4,5100,rent,system value report user
284,2026-01-5,42200,services,success name start system
285,2026-01-6,44400,transport,file status start name
286,2026-01-7,700,utilities,value check stop type
287,2026-01-8,40200,services,input process module file
288,2026-01-9,14700,rent,error result function network
289,2026-01-10,49600,utilities,output data status name
290,2026-01-11,4500,utilities,path mode type process
291,2026-01-12,47200,rent,process check input path
292,2026-01-13,9000,rent,start run name error
293,2026-01-14,28800,rent,function user data mode
294,2026-01-15,1200,transport,name config module error
295,2026-01-16,32900,services,run type input process
296,2026-01-17,18600,transport,write load start function
297,2026-01-18,45300,food,the class output user
298,2026-01-19,42500,rent,mode user check function
299,2026-01-20,24900,utilities,mode list process mode
300,2026-01-21,7300,rent,error save list write
301,2026-01-22,10400,utilities,list output stop report
302,2026-01-23,3500,food,result list write type
303,2026-01-24,35600,food,config run output type
304,2026-01-25,1500,transport,save file input status
305,2026-01-26,3600,rent,write save mode user
306,2026-01-27,8900,transport,mode load result network
307,2026-01-28,28500,rent,config data mode output
308,2026-01-1,25400,rent,class system user report
309,2026-01-2,22300,transport,result success run status
310,2026-01-3,24700,transport,stop error network write
311,2026-01-4,13100,food,result name path list
312,2026-01-5,20700,food,system file class run
313,2026-01-6,9700,utilities,result output load report
314,2026-01-7,26700,food,report system network network
315,2026-01-8,27100,utilities,list the value list
316,2026-01-9,48700,food,run output run list
317,2026-01-10,47700,food,value result system function
318,2026-01-11,23700,food,config list function error
319,2026-01-12,9000,services,load network class report
320,2026-01-13,7200,utilities,input report report read
321,2026-01-14,40400,utilities,write file result value
322,2026-01-15,5900,transport,type system user config
323,2026-01-16,5800,transport,type start type config
324,2026-01-17,36800,rent,list config file process
325,2026-01-18,48200,services,module function network report
326,2026-01-19,46600,utilities,data status data output
327,2026-01-20,33600,rent,stop value function write
328,2026-01-21,30800,food,module type file output
329,2026-01-22,38000,food,stop file status result
330,2026-01-23,300,utilities,class report check the
331,2026-01-24,42600,food,mode run network path
332,2026-01-25,42900,transport,stop data load user
333,2026-01-26,42900,rent,write type user success
334,2026-01-27,42100,rent,write file list save
335,2026-01-28,5600,transport,list stop result config
336,2026-01-1,6700,rent,name mode mode file
337,2026-01-2,14100,transport,input load result file
338,2026-01-3,17900,food,mode status the status
339,2026-01-4,27700,utilities,name read class user
340,2026-01-5,26900,rent,user check value output
341,2026-01-6,6400,services,class function success status
342,2026-01-7,9100,food,error output stop error
343,2026-01-8,5200,transport,start the load report
344,2026-01-9,4800,rent,function result error save
345,2026-01-10,2800,utilities,save check output network
346,2026-01-11,31400,rent,the the network user
347,2026-01-12,42200,transport,data run write data
348,2026-01-13,19200,food,start function start data
349,2026-01-14,12400,rent,check success the data
350,2026-01-15,16700,food,system save process config
351,2026-01-16,3700,rent,value check config read
352,2026-01-17,12900,food,read input result function
353,2026-01-18,14700,services,network mode report user
354,2026-01-19,12200,utilities,value result process data
355,2026-01-20,49900,food,path the success output
356,2026-01-21,9000,transport,error write error load
357,2026-01-22,24100,services,name system path path
358,2026-01-23,30700,rent,run error type file
359,2026-01-24,6600,food,input path report user
360,2026-01-25,36400,rent,config function input file
361,2026-01-26,1500,transport,value file result the
362,2026-01-27,26400,rent,value list function list
363,2026-01-28,7600,food,output write result type
364,2026-01-1,13700,utilities,start success write output
365,2026-01-2,36800,utilities,user user list type
366,2026-01-3,47000,food,name read stop data
367,2026-01-4,3500,rent,start network file mode
368,2026-01-5,32900,utilities,network run process read
369,2026-01-6,24800,food,start value run mode
370,2026-01-7,28700,food,function run load stop
371,2026-01-8,14300,transport,config user data stop
372,2026-01-9,6100,food,type status type success
373,2026-01-10,200,rent,system name system module
374,2026-01-11,20000,rent,read file path save
375,2026-01-12,7500,food,output path load start
376,2026-01-13,13300,food,file name run read
377,2026-01-14,49900,services,run output error class
378,2026-01-15,12200,utilities,save save path network
379,2026-01-16,10100,utilities,the stop save report
380,2026-01-17,33100,transport,stop network status class
381,2026-01-18,17200,transport,class save mode status
382,2026-01-19,36100,utilities,file report name report
383,2026-01-20,2100,utilities,mode status stop class
384,2026-01-21,19700,transport,process start result error
385,2026-01-22,36300,transport,error error config class
386,2026-01-23,24300,utilities,read network config read
387,2026-01-24,1700,utilities,the class run input
388,2026-01-25,47700,transport,file value user class
389,2026-01-26,42500,services,name function write config
390,2026-01-27,13400,utilities,module stop file run
391,2026-01-28,18500,transport,name mode report file
392,2026-01-1,27300,transport,function write start system
393,2026-01-2,26200,rent,type value the load
394,2026-01-3,49500,food,data data data network
395,2026-01-4,11700,rent,read user name run
396,2026-01-5,11600,rent,check load write read
397,2026-01-6,35400,services,type user type output
398,2026-01-7,15500,food,output type report input
399,2026-01-8,45400,utilities,success load stop success
